Protected Heritage Area,Species Common Name,Animal Behaviour,Total Incidents 2010,Total Incidents 2011,Total Incidents 2012,Total Incidents 2013,Total Incidents 2014,Total Incidents 2015,Total Incidents 2016,Total Incidents 2017,Total Incidents 2018,Total Incidents 2019,Total Incidents 2020,Total Incidents 2021,Total Incidents 2022,Total Incidents 2023
Aulavik National Park of Canada,Wolf,Contact-Property,,,,,,,,,1,,,,,
Auyuittuq National Park of Canada,Polar Bear,Contact-Property,,,,,,,1,,,,,,,
Banff National Park of Canada,Bighorn Sheep,Bluff Charge,,,,,1,,,,,,,1,,
Banff National Park of Canada,Bighorn Sheep,Chase,,,,,,,,,1,,,,,
Banff National Park of Canada,Bighorn Sheep,Contact-Property,,,,,,,1,3,,,,,,
Banff National Park of Canada,Bighorn Sheep,Physical or Aggressive Display,,1,,,,,,,,,,,1,
Banff National Park of Canada,Black Bear,Attack,,,,,,,,,,1,,,,
Banff National Park of Canada,Black Bear,Bluff Charge,,2,1,1,1,,5,1,3,2,1,1,4,3
Banff National Park of Canada,Black Bear,Chase,1,1,,1,,,,,1,,,,1,2
Banff National Park of Canada,Black Bear,Contact-Property,2,2,6,7,3,2,1,10,2,7,6,3,9,1
Banff National Park of Canada,Black Bear,Escort (Follow-Flank),,,1,,,,1,,,2,3,,,
Banff National Park of Canada,Black Bear,Physical or Aggressive Display,,1,1,1,,3,3,2,1,1,1,1,,
Banff National Park of Canada,Black Bear,Predatory Approach,,,,,,,,,,,,,,1
Banff National Park of Canada,Blue Grouse,Attack,,1,,,,,,,,,,,,
Banff National Park of Canada,Blue Grouse,Contact-Property,,,,,,,,,,,,1,,
Banff National Park of Canada,Blue Grouse,Physical or Aggressive Display,,,,,,,,,,1,,,,
Banff National Park of Canada,Columbian Ground Squirrel,Attack,,,,1,,,,,,,,,,
Banff National Park of Canada,Columbian Ground Squirrel,Contact-Property,,,,1,,2,3,,,,,,1,1
Banff National Park of Canada,Common Loon,Physical or Aggressive Display,,,,,,,,,,,,1,,
Banff National Park of Canada,Cougar,Bluff Charge,,,,1,,,,,,,,,,
Banff National Park of Canada,Cougar,Chase,,,,,,,,1,,,,,,
Banff National Park of Canada,Cougar,Contact-People,,,,1,,,,,,,,,,
Banff National Park of Canada,Cougar,Contact-Pet,,,,,,1,,,,,,,,
Banff National Park of Canada,Cougar,Escort (Follow-Flank),,5,,1,1,1,1,,1,,1,,,
Banff National Park of Canada,Cougar,Physical or Aggressive Display,,,,1,,,,,,,,3,,
Banff National Park of Canada,Coyote,Attack,,,,,,1,,,,,,,,
Banff National Park of Canada,Coyote,Bluff Charge,,,,4,,,,,,,,,3,
Banff National Park of Canada,Coyote,Chase,,,2,,1,,,,2,,1,,1,
Banff National Park of Canada,Coyote,Contact-People,,,,3,,1,,,,,,,,
Banff National Park of Canada,Coyote,Contact-Pet,,,1,1,3,2,,,3,,5,,4,1
Banff National Park of Canada,Coyote,Contact-Property,1,,,2,,1,1,4,3,1,2,2,,
Banff National Park of Canada,Coyote,Escort (Follow-Flank),1,3,1,9,4,1,1,2,3,3,5,2,14,1
Banff National Park of Canada,Coyote,Physical or Aggressive Display,3,3,2,5,1,,,,2,1,9,1,8,2
Banff National Park of Canada,Coyote,Predatory Approach,,1,,2,,,,,,,2,,,
Banff National Park of Canada,Crow,Contact-Property,,,,,,,,,,,,,,3
Banff National Park of Canada,Deer Mouse,Contact-Property,,,,,,,1,,,,,,,
Banff National Park of Canada,Domestic Dog,Chase,,1,,,,,1,1,,1,,,2,2
Banff National Park of Canada,Domestic Dog,Physical or Aggressive Display,,,,,,,,,,,,,,2
Banff National Park of Canada,Downy Woodpecker,Contact-Property,1,,,,,,,,,,,,,
Banff National Park of Canada,Elk,Attack,,,,,,,,1,,1,,,,
Banff National Park of Canada,Elk,Bluff Charge,14,4,12,5,8,17,14,10,12,42,28,31,37,22
Banff National Park of Canada,Elk,Chase,,1,,,2,,2,3,1,,3,1,,1
Banff National Park of Canada,Elk,Contact-People,,,,,,,1,2,,,1,,,
Banff National Park of Canada,Elk,Contact-Property,1,,,1,3,3,,1,,,6,1,,5
Banff National Park of Canada,Elk,Escort (Follow-Flank),,,,,,,1,,1,,3,8,,4
Banff National Park of Canada,Elk,Physical or Aggressive Display,12,2,13,12,10,14,16,16,7,35,18,26,14,51
Banff National Park of Canada,Field Sparrow,Contact-Property,,,,,1,,,,,,,,,
Banff National Park of Canada,Gray Jay,Contact-Property,,,,,,,,,,1,,,,
Banff National Park of Canada,Grizzly Bear,Attack,,,,,,1,,,2,,,,,1
Banff National Park of Canada,Grizzly Bear,Bluff Charge,10,13,10,17,25,12,24,6,3,3,14,4,3,8
Banff National Park of Canada,Grizzly Bear,Chase,2,1,1,3,1,1,,,5,,,1,1,
Banff National Park of Canada,Grizzly Bear,Contact-Pet,,,1,,,,,,,,,,,
Banff National Park of Canada,Grizzly Bear,Contact-Property,8,3,2,1,5,2,3,7,1,2,3,,1,1
Banff National Park of Canada,Grizzly Bear,Escort (Follow-Flank),,3,1,2,4,,5,1,,2,1,,,
Banff National Park of Canada,Grizzly Bear,Physical or Aggressive Display,6,2,3,6,10,6,4,2,6,1,5,1,3,
Banff National Park of Canada,Hoary Marmot,Attack,,,,,,,,,,,1,,,
Banff National Park of Canada,Hoary Marmot,Contact-Property,,,,,,,1,,,,,1,,
Banff National Park of Canada,Least Weasel,Contact-Property,,,,,,,1,,,,,,,
Banff National Park of Canada,Lynx,Chase,,1,,,,,,,,,,,,
Banff National Park of Canada,Magpie,Contact-Property,,,1,,,,,1,,1,3,,,
Banff National Park of Canada,Magpie,Physical or Aggressive Display,,,,,,1,,,,,,,,
Banff National Park of Canada,Mallard,Physical or Aggressive Display,,,,,,,,,,,,,1,
Banff National Park of Canada,Marten,Contact-Property,,1,1,,1,,2,,1,,3,2,,3
Banff National Park of Canada,Marten,Physical or Aggressive Display,,,,,,1,,2,,,1,,,1
Banff National Park of Canada,Moose,Contact-Property,,,,,,,1,,,,2,,,
Banff National Park of Canada,Moose,Physical or Aggressive Display,,,,1,,,,,,,,,,
Banff National Park of Canada,Mountain Goat,Chase,,,,,,,1,,,,,,,
Banff National Park of Canada,Mule Deer,Bluff Charge,,,,1,,,,,,,1,,,
Banff National Park of Canada,Mule Deer,Chase,,,1,,,,,,,,1,,,
Banff National Park of Canada,Mule Deer,Contact-People,1,,,,,,1,,,,,,,
Banff National Park of Canada,Mule Deer,Contact-Property,,,,,,,1,2,2,2,1,1,,3
Banff National Park of Canada,Mule Deer,Escort (Follow-Flank),,,,,,,,,,,1,,,
Banff National Park of Canada,Mule Deer,Physical or Aggressive Display,2,,1,1,,,2,,,2,2,1,1,
Banff National Park of Canada,None,Contact-Property,,,1,,2,,,,,,,,,
Banff National Park of Canada,None,Physical or Aggressive Display,,,,,2,,1,,,,,,,
Banff National Park of Canada,Northern Flying Squirrel,Contact-People,,,,,,,,,,,,,1,
Banff National Park of Canada,Osprey,Contact-Property,,1,,,,,,,,,,,,
Banff National Park of Canada,Pileated Woodpecker,Contact-Property,,,,,1,,,,,,,,,
Banff National Park of Canada,Pine Grosbeak,Physical or Aggressive Display,,,,,,1,,,,,,,,
Banff National Park of Canada,Plains Bison,Physical or Aggressive Display,,,,,,,,,,,,1,,
Banff National Park of Canada,Porcupine,Contact-Property,,,,,,,,,,,,1,1,
Banff National Park of Canada,Raven,Contact-Property,,,,,,,,6,8,11,15,1,1,3
Banff National Park of Canada,Raven,Physical or Aggressive Display,1,,,,,,,,,,,,,
Banff National Park of Canada,Red Fox,Contact-Property,1,,,,,,,,1,4,10,4,1,
Banff National Park of Canada,Red Fox,Escort (Follow-Flank),,,,,,,,,,,1,1,,
Banff National Park of Canada,Red Fox,Physical or Aggressive Display,,,,,,,,,,,,2,,1
Banff National Park of Canada,Red Squirrel,Attack,,,,,,,,2,,,,,,
Banff National Park of Canada,Red Squirrel,Contact-Property,,2,3,,2,,3,1,,3,1,,,
Banff National Park of Canada,Red-winged Blackbird,Attack,,,,,,,,,,,,,1,
Banff National Park of Canada,Richardson's Ground Squirrel,Contact-Property,,,,,,,1,,,1,,,,
Banff National Park of Canada,Spruce Grouse,Contact-Property,,,,,,,,,,,,1,,
Banff National Park of Canada,Spruce Grouse,Physical or Aggressive Display,,,,3,,,,,,,,,1,
Banff National Park of Canada,Unknown,Contact-People,,,1,,,,,,,,1,,,
Banff National Park of Canada,Unknown,Contact-Property,2,,1,,,,1,,,1,2,1,,2
Banff National Park of Canada,Unknown,Escort (Follow-Flank),,,,,,,1,,,,,,,
Banff National Park of Canada,Unknown bat,Contact-People,,,,,,,,,1,,,,,
Banff National Park of Canada,Unknown bat,Contact-Property,,,1,,1,,,,,,,,,
Banff National Park of Canada,Unknown bear,Bluff Charge,,,1,,,1,1,1,,,,,,
Banff National Park of Canada,Unknown bear,Contact-People,1,,,,,,,,,,,,,
Banff National Park of Canada,Unknown bear,Contact-Property,3,,1,,,,2,,,1,,1,,
Banff National Park of Canada,Unknown bear,Escort (Follow-Flank),,,,,,1,,,,,,,,
Banff National Park of Canada,Unknown bear,Physical or Aggressive Display,1,,,,1,,,,,1,,,,
Banff National Park of Canada,Unknown bird,Contact-Property,,,,,,,,,1,1,1,,,
Banff National Park of Canada,Unknown canid,Escort (Follow-Flank),,,,,,,,,,,,1,,
Banff National Park of Canada,Unknown deer,Contact-People,,1,,,,,,,,,,,,
Banff National Park of Canada,Unknown deer,Contact-Property,,,,,,,,1,,,1,,1,
Banff National Park of Canada,Unknown deer,Physical or Aggressive Display,,,,,,,,,,,,,1,
Banff National Park of Canada,Unknown gull,Contact-Property,,,,,,,,,,1,,,,
Banff National Park of Canada,Unknown mustelid,Contact-Property,,,,,1,,,,,,,,,
Banff National Park of Canada,Unknown Myotis bat,Contact-People,,,,,,,,,,,,,,1
Banff National Park of Canada,Unknown rodent,Contact-Property,,,,,,,,,,,1,,,
Banff National Park of Canada,Unknown ungulate,Contact-Property,,,,,,,,,1,,,,,
Banff National Park of Canada,Wolf,Attack,,,,,,,,,,1,,,,
Banff National Park of Canada,Wolf,Chase,,1,,,,,1,,,,,,,1
Banff National Park of Canada,Wolf,Contact-Pet,,,1,,,,,,,1,,,,
Banff National Park of Canada,Wolf,Contact-Property,,,,,,1,2,,,,2,,,
Banff National Park of Canada,Wolf,Escort (Follow-Flank),,,,,,1,11,,,1,1,,1,
Banff National Park of Canada,Wolf,Physical or Aggressive Display,,,,1,,1,2,,,,,,,
Banff National Park of Canada,Wolverine,Escort (Follow-Flank),,,,1,,,,,,,,,,
Banff National Park of Canada,Woodrat,Contact-Property,,,,,,1,2,,1,,,,,
Banff National Park of Canada,Yellow-pine Chipmunk,Physical or Aggressive Display,,,,,,,,,,,1,,,
Bellevue House National Historic Site of Canada,Raccoon,Contact-Property,,,,,,,,,,,,,1,
Bruce Peninsula National Park of Canada,Beaver,Contact-Property,2,,,,,1,,,,,,,,
Bruce Peninsula National Park of Canada,Black Bear,Contact-Property,15,7,,4,1,4,3,1,1,,,3,9,6
Bruce Peninsula National Park of Canada,Black Bear,Escort (Follow-Flank),1,1,,,,,,,,,,,,
Bruce Peninsula National Park of Canada,Black Bear,Physical or Aggressive Display,,,,,,,1,,,,,,,
Bruce Peninsula National Park of Canada,Eastern Chipmunk,Attack,,,,,,,,1,,,,,,
Bruce Peninsula National Park of Canada,Massasauga,Attack,,1,,,,,,,,,,,,
Bruce Peninsula National Park of Canada,Massasauga,Contact-Property,,,,,,,,,,,,,,1
Bruce Peninsula National Park of Canada,Massasauga,Physical or Aggressive Display,,,,,,,1,,,,,,,
Bruce Peninsula National Park of Canada,Raccoon,Bluff Charge,,,,,,,,,,,,,,1
Bruce Peninsula National Park of Canada,Raccoon,Contact-People,,,,,,,,,,,,,,1
Bruce Peninsula National Park of Canada,Raccoon,Contact-Pet,,,1,,,,,,,,,,,1
Bruce Peninsula National Park of Canada,Raccoon,Contact-Property,2,,1,,,,2,,,,,,1,13
Bruce Peninsula National Park of Canada,Raccoon,Physical or Aggressive Display,,,1,,,,,,,,,,,
Bruce Peninsula National Park of Canada,Unknown,Contact-Property,1,,,,,,,,,,,,,2
Bruce Peninsula National Park of Canada,Unknown snake,Contact-People,,,,,,,1,,,,,,1,
Cape Breton Highlands National Park of Canada,Black Bear,Bluff Charge,,,,,1,1,,,1,,,,,
Cape Breton Highlands National Park of Canada,Black Bear,Chase,,,,,,2,,,,,,,,
Cape Breton Highlands National Park of Canada,Black Bear,Contact-Property,,,1,,,,,,,1,3,2,1,2
Cape Breton Highlands National Park of Canada,Black Bear,Escort (Follow-Flank),,,,,,,,,,,,,1,
Cape Breton Highlands National Park of Canada,Black Bear,Physical or Aggressive Display,,1,,,1,,,,,,,,,
Cape Breton Highlands National Park of Canada,Coyote,Attack,1,1,,,,,,,,,,,,1
Cape Breton Highlands National Park of Canada,Coyote,Chase,5,,1,,,,,1,,,,1,2,4
Cape Breton Highlands National Park of Canada,Coyote,Contact-People,,,,,1,,,,,,,,,
Cape Breton Highlands National Park of Canada,Coyote,Contact-Property,,1,,,,,,,,,,,,
Cape Breton Highlands National Park of Canada,Coyote,Escort (Follow-Flank),3,,,,,,,,,,,,,
Cape Breton Highlands National Park of Canada,Coyote,Physical or Aggressive Display,2,2,,,1,1,,,,,,,,1
Cape Breton Highlands National Park of Canada,Moose,Bluff Charge,,1,,,2,1,1,,2,1,,,,
Cape Breton Highlands National Park of Canada,Moose,Chase,,1,,,,,,,,,,,,
Cape Breton Highlands National Park of Canada,Moose,Physical or Aggressive Display,,,,,,,1,,1,1,,,,
Cape Breton Highlands National Park of Canada,Raccoon,Contact-Property,,,,,,,,,,,1,,,
Cape Breton Highlands National Park of Canada,Ruffed Grouse,Physical or Aggressive Display,,,,,,,,,,,,1,,
Cape Breton Highlands National Park of Canada,Unknown gull,Chase,,,,,,,,,,,,1,,
Cape Breton Highlands National Park of Canada,Unknown hawk,Physical or Aggressive Display,,,,,1,,,,,,,,,
Chilkoot Trail National Historic Site of Canada,Black Bear,Bluff Charge,,1,,1,,,,,,,,,,
Chilkoot Trail National Historic Site of Canada,Black Bear,Contact-Property,,,1,,,,,,,,,,,
Chilkoot Trail National Historic Site of Canada,Unknown,Contact-Property,,,,,,1,,,,,,,,
Elk Island National Park of Canada,Beaver,Contact-Property,,5,1,,,,,,,,1,,,
Elk Island National Park of Canada,Beaver,Escort (Follow-Flank),,,,,,,,,,,2,,,
Elk Island National Park of Canada,Black Bear,Contact-Property,,,,,,,,,,,,,2,
Elk Island National Park of Canada,Black Bear,Escort (Follow-Flank),,,,,,,,,1,,,,,
Elk Island National Park of Canada,Black Bear,Physical or Aggressive Display,,,,,,,,1,,,,,,
Elk Island National Park of Canada,Coyote,Chase,,,,,,,,,,,,,,1
Elk Island National Park of Canada,Coyote,Contact-Property,,,,,,,,,,,,,,1
Elk Island National Park of Canada,Coyote,Escort (Follow-Flank),,,,,,,1,,,,,,,
Elk Island National Park of Canada,Coyote,Physical or Aggressive Display,,,,,,1,,,,,,,,
Elk Island National Park of Canada,Domestic Dog,Chase,,,1,,,,,,,,,,,
Elk Island National Park of Canada,Elk,Physical or Aggressive Display,,,,,,,,,,,1,,,
Elk Island National Park of Canada,Magpie,Contact-Property,,,1,,,,,,,,,,,
Elk Island National Park of Canada,Mallard,Physical or Aggressive Display,,,,,,,,,,,,,1,
Elk Island National Park of Canada,Moose,Contact-Property,,,,1,1,,,,,,,,,
Elk Island National Park of Canada,Moose,Physical or Aggressive Display,,,,1,,,,,,,,,,
Elk Island National Park of Canada,Muskrat,Attack,,,,,,,,,,,,,,1
Elk Island National Park of Canada,Plains Bison,Attack,1,1,,,,,,,2,,,1,,
Elk Island National Park of Canada,Plains Bison,Bluff Charge,,1,,1,,2,1,2,1,1,5,3,7,5
Elk Island National Park of Canada,Plains Bison,Chase,,,,,,,,,1,1,,,,
Elk Island National Park of Canada,Plains Bison,Contact-People,,,,,,,,,,,1,,,
Elk Island National Park of Canada,Plains Bison,Contact-Property,,1,,2,,2,,,,,,,2,
Elk Island National Park of Canada,Plains Bison,Escort (Follow-Flank),,,,,1,,,,,,,,,
Elk Island National Park of Canada,Plains Bison,Physical or Aggressive Display,,,,,3,3,4,1,,8,,4,2,1
Elk Island National Park of Canada,Richardson's Ground Squirrel,Contact-Property,,,1,,,,,,,,,,,
Elk Island National Park of Canada,Unknown rodent,Contact-Property,,,,,,1,,,,,,,,
Elk Island National Park of Canada,White-tailed Deer,Contact-Property,1,,,,,,,,,,,,,
Elk Island National Park of Canada,Wood Bison,Attack,,,,,1,,,,,,,,,
Fathom Five National Marine Park of Canada,Red Squirrel,Attack,,,,,,,,,,,1,,,
Forillon National Park of Canada,Black Bear,Bluff Charge,,2,,2,,,,2,,1,,,,
Forillon National Park of Canada,Black Bear,Contact-Property,1,4,1,1,1,,2,,,2,1,,,
Forillon National Park of Canada,Black Bear,Escort (Follow-Flank),,,,1,,,,,,,,,,
Forillon National Park of Canada,Black Bear,Physical or Aggressive Display,,2,,,,,,,,1,,,,
Forillon National Park of Canada,Coyote,Escort (Follow-Flank),,,,,,,,,,,,,,1
Forillon National Park of Canada,Coyote,Physical or Aggressive Display,,,,,,,,,1,,,,,
Forillon National Park of Canada,Moose,Bluff Charge,1,,1,,,,,,,1,,,,
Forillon National Park of Canada,Red Fox,Contact-Pet,,,,1,,,,,,,,,,
Forillon National Park of Canada,Red Squirrel,Attack,,,,,,,,,,1,,,,
Forillon National Park of Canada,Sharp-shinned Hawk,Physical or Aggressive Display,,,,,,,,,1,,,,,
Forillon National Park of Canada,Wasp,Contact-People,2,1,1,2,,,,,,,1,,,
Fort Walsh National Historic Site of Canada,Unknown raptor,Attack,,,,,,,,,,,,1,,
Fundy National Park of Canada,Moose,Bluff Charge,,,,,,,,,,,,,1,
Fundy National Park of Canada,Moose,Contact-Property,,,,1,,,,,,,,,,
Fundy National Park of Canada,Red Fox,Contact-Property,,,,,,,,,,,,1,,
Georgian Bay Islands National Park of Canada,Black Bear,Bluff Charge,,,1,,,,,,,,,,1,
Georgian Bay Islands National Park of Canada,Black Bear,Chase,,,1,,,,,,,,,,,
Georgian Bay Islands National Park of Canada,Black Bear,Contact-Property,3,28,26,,1,,,2,9,5,6,6,37,
Georgian Bay Islands National Park of Canada,Black Bear,Physical or Aggressive Display,,2,2,,,1,,,,,,,,
Georgian Bay Islands National Park of Canada,Massasauga,Contact-People,1,1,,,,,,,,,,1,,
Georgian Bay Islands National Park of Canada,Massasauga,Contact-Pet,1,,1,,,,,1,,,,,,
Georgian Bay Islands National Park of Canada,Porcupine,Contact-Pet,,,,,,,,,,,,1,,
Georgian Bay Islands National Park of Canada,Raccoon,Contact-Property,,1,,,,,,,,,,1,1,
Georgian Bay Islands National Park of Canada,Wasp,Contact-People,,1,,,1,,,,,,,,,
Georgian Bay Islands National Park of Canada,Water Snake,Attack,,,,,,,,1,,,,,,
Glacier National Park of Canada,Black Bear,Contact-Property,,,,,,,,,,,,1,,4
Glacier National Park of Canada,Black Bear,Escort (Follow-Flank),,1,,,,,,,,,,,,1
Glacier National Park of Canada,Black Bear,Physical or Aggressive Display,2,,,,,,,,,,,,2,
Glacier National Park of Canada,Grizzly Bear,Bluff Charge,,,3,2,1,1,4,,,1,,,2,
Glacier National Park of Canada,Grizzly Bear,Chase,,,,,1,,,,,,,1,,
Glacier National Park of Canada,Grizzly Bear,Contact-Property,,,,,,,1,,,,,1,1,
Glacier National Park of Canada,Grizzly Bear,Escort (Follow-Flank),,,1,,,5,,,,,2,,1,
Glacier National Park of Canada,Grizzly Bear,Physical or Aggressive Display,,,2,1,,1,1,,1,1,,1,,1
Glacier National Park of Canada,Marten,Contact-Property,4,,1,,,1,,,,,,,,
Glacier National Park of Canada,Mountain Goat,Contact-Property,,,,,,,,,,,,1,,
Glacier National Park of Canada,Mountain Goat,Physical or Aggressive Display,,,,,,,,,,,,,,1
Glacier National Park of Canada,Pileated Woodpecker,Contact-Property,,,,,,,,,,,,1,,
Glacier National Park of Canada,Unknown bear,Contact-Property,,,,,1,,1,,,,,,1,
Glacier National Park of Canada,Woodrat,Contact-Property,,,,,,,,,,,,1,,1
Grasslands National Park of Canada,Badger,Contact-Pet,,,,,,,1,,,,,,,
Grasslands National Park of Canada,Black Widow Spider,Contact-People,,,,1,,,,,,,,,,
Grasslands National Park of Canada,Black-tailed prairie dog,Chase,,,,,,,1,,,,,,,
Grasslands National Park of Canada,Domestic Dog,Chase,,,1,,1,,2,,,,1,,,
Grasslands National Park of Canada,Domestic Dog,Predatory Approach,,,,,,1,1,,,,,,,
Grasslands National Park of Canada,Plains Bison,Bluff Charge,1,,,,,2,3,,1,,,,,
Grasslands National Park of Canada,Plains Bison,Contact-Property,,,,,,,1,,1,,,,,
Grasslands National Park of Canada,Plains Bison,Escort (Follow-Flank),,,,,,,,,,,,,1,
Grasslands National Park of Canada,Plains Bison,Physical or Aggressive Display,,,,,2,,3,,,1,,,,
Grasslands National Park of Canada,Porcupine,Contact-Pet,,,,,,1,,,,,,,,
Grasslands National Park of Canada,Prairie Rattlesnake,Attack,,2,,,,,,,,,,,,
Grasslands National Park of Canada,Prairie Rattlesnake,Contact-People,,,1,,,,1,1,,,,,,
Grasslands National Park of Canada,Prairie Rattlesnake,Physical or Aggressive Display,,,1,,,,2,,1,1,2,,,
Grasslands National Park of Canada,Richardson's Ground Squirrel,Attack,,,,,,,,,2,,,2,,
Grasslands National Park of Canada,Richardson's Ground Squirrel,Contact-People,,,,,,,,1,,,,,2,
Grasslands National Park of Canada,Smooth Greensnake,Physical or Aggressive Display,,,,1,,,,,,,,,,
Grasslands National Park of Canada,Wasp,Contact-People,,,,,,,1,,,,,,,
Gros Morne National Park of Canada,Beaver,Attack,,,,,,,,,,,,,,1
Gros Morne National Park of Canada,Black Bear,Contact-Property,,,,2,,1,,3,,,,,1,1
Gros Morne National Park of Canada,Coyote,Escort (Follow-Flank),,,1,4,,,,,,,,,,
Gros Morne National Park of Canada,Coyote,Physical or Aggressive Display,,,2,,,,,,,,,,,
Gros Morne National Park of Canada,Moose,Contact-Property,1,,,,,,,,,,,,,
Gros Morne National Park of Canada,Moose,Escort (Follow-Flank),,1,,,,,,,,,,,,
Gros Morne National Park of Canada,Red Fox,Attack,,,,,,,,,,,,,1,
Gros Morne National Park of Canada,Red Fox,Contact-Property,,,,,,,,,,,,,1,
Gros Morne National Park of Canada,Red Fox,Predatory Approach,1,,,,,,,,,,,,,
Gros Morne National Park of Canada,Unknown,Contact-Property,,,,1,,,,,,,,,,
Gulf Islands National Park Reserve of Canada,Domestic Dog,Physical or Aggressive Display,,,2,,,,,,,,,,,
"Gwaii Haanas National Park Reserve, National Marine Conservation Area Reserve, and Haida Heritage Site",Black Bear,Contact-Property,,,,1,,,,,,,,,,
"Gwaii Haanas National Park Reserve, National Marine Conservation Area Reserve, and Haida Heritage Site",River Otter,Physical or Aggressive Display,,1,,,,,,,,,,,,
Ivvavik National Park of Canada,Grizzly Bear,Bluff Charge,,,,,,,,,1,,,,,
Ivvavik National Park of Canada,Grizzly Bear,Contact-Property,,1,,,2,2,,1,,,,,1,
Jasper House National Historic Site of Canada,Elk,Bluff Charge,4,,,,,1,,,,,,,,
Jasper National Park of Canada,Barn Swallow,Physical or Aggressive Display,,,,,,,1,,,,1,,,
Jasper National Park of Canada,Big Brown Bat,Attack,,,,1,,,,,,,,,,
Jasper National Park of Canada,Big Brown Bat,Contact-People,,,,,,,,,1,,,,,
Jasper National Park of Canada,Bighorn Sheep,Attack,,,,,,,,,,1,,,,
Jasper National Park of Canada,Bighorn Sheep,Bluff Charge,,,,,,,,,1,,,,,
Jasper National Park of Canada,Bighorn Sheep,Contact-People,,,,,,,,,,,1,,,
Jasper National Park of Canada,Bighorn Sheep,Contact-Pet,,,,,,,,,,,,1,,
Jasper National Park of Canada,Bighorn Sheep,Contact-Property,,1,1,1,,1,1,,,,,,,2
Jasper National Park of Canada,Bighorn Sheep,Physical or Aggressive Display,,,,,1,,,1,,,,,,
Jasper National Park of Canada,Black Bear,Bluff Charge,5,1,6,2,6,5,7,3,9,14,3,5,7,7
Jasper National Park of Canada,Black Bear,Chase,1,,,,,,,1,,,,1,,
Jasper National Park of Canada,Black Bear,Contact-People,,,,,,,,,2,1,,,,
Jasper National Park of Canada,Black Bear,Contact-Pet,,,,,,1,,,,1,,,1,
Jasper National Park of Canada,Black Bear,Contact-Property,9,1,3,5,5,5,8,,1,8,1,12,23,26
Jasper National Park of Canada,Black Bear,Escort (Follow-Flank),,,,,1,,,1,,,1,,,
Jasper National Park of Canada,Black Bear,Physical or Aggressive Display,,2,3,,2,,2,1,1,3,2,,1,1
Jasper National Park of Canada,Black Bear,Predatory Approach,,,,,,,,,,1,,,,2
Jasper National Park of Canada,Caribou,Physical or Aggressive Display,,,,,,,,1,,,,,,
Jasper National Park of Canada,Cougar,Chase,,,,,,,,,,,1,,,
Jasper National Park of Canada,Cougar,Contact-Pet,,2,,,1,,,1,,,,,,
Jasper National Park of Canada,Cougar,Escort (Follow-Flank),2,,,1,1,,,,,,,1,,
Jasper National Park of Canada,Cougar,Physical or Aggressive Display,,,,,,1,,,,,,,,
Jasper National Park of Canada,Cougar,Predatory Approach,,,,,1,1,1,,,,,,,
Jasper National Park of Canada,Coyote,Bluff Charge,,,,,,,,,,,,1,,
Jasper National Park of Canada,Coyote,Chase,,,,,,,1,,,,,1,,1
Jasper National Park of Canada,Coyote,Contact-Pet,,,1,1,,,,,1,,2,,1,3
Jasper National Park of Canada,Coyote,Contact-Property,,,,,,,,,,1,,,,1
Jasper National Park of Canada,Coyote,Escort (Follow-Flank),1,1,,2,1,1,,,,,,1,1,1
Jasper National Park of Canada,Coyote,Physical or Aggressive Display,,,3,,,,1,,,,,,,
Jasper National Park of Canada,Coyote,Predatory Approach,,,,,,,,,,1,,,,
Jasper National Park of Canada,Crow,Contact-Property,,,,,,,,,,,1,,,
Jasper National Park of Canada,Domestic Dog,Chase,,1,,3,1,,2,1,1,2,5,6,1,2
Jasper National Park of Canada,Domestic Dog,Physical or Aggressive Display,,,,,,,,,,,1,,,2
Jasper National Park of Canada,Elk,Attack,,,,,1,4,4,2,3,1,3,,,2
Jasper National Park of Canada,Elk,Bluff Charge,56,57,27,48,98,84,116,81,89,87,83,64,93,80
Jasper National Park of Canada,Elk,Chase,,1,1,1,,,,2,5,1,3,4,4,4
Jasper National Park of Canada,Elk,Contact-People,,,,,2,2,1,1,1,,,,,
Jasper National Park of Canada,Elk,Contact-Pet,1,,2,,,1,3,1,1,,,3,1,2
Jasper National Park of Canada,Elk,Contact-Property,7,5,2,3,4,9,21,5,6,9,5,7,8,14
Jasper National Park of Canada,Elk,Escort (Follow-Flank),,,,,,1,1,2,,,1,,,
Jasper National Park of Canada,Elk,Physical or Aggressive Display,15,13,52,3,16,18,21,12,14,9,6,25,20,15
Jasper National Park of Canada,Grizzly Bear,Attack,,,,,1,,,,,,,,,
Jasper National Park of Canada,Grizzly Bear,Bluff Charge,,,6,9,11,4,12,6,5,11,9,13,7,10
Jasper National Park of Canada,Grizzly Bear,Chase,,,1,,,,,,1,,,,,
Jasper National Park of Canada,Grizzly Bear,Contact-Property,,,4,2,4,9,4,4,,2,2,4,6,4
Jasper National Park of Canada,Grizzly Bear,Escort (Follow-Flank),,,1,,,,,1,1,,1,1,,
Jasper National Park of Canada,Grizzly Bear,Physical or Aggressive Display,,1,,1,2,2,3,1,1,2,1,,,2
Jasper National Park of Canada,Hoary Marmot,Physical or Aggressive Display,,,,,,,,,,,,,,1
Jasper National Park of Canada,Little Brown Myotis,Attack,,1,,,,,,,,,,,,
Jasper National Park of Canada,Little Brown Myotis,Contact-Property,,,,,,,,,,,1,,,
Jasper National Park of Canada,Little Brown Myotis,Physical or Aggressive Display,,,,,,,,,1,,,,,
Jasper National Park of Canada,Lynx,Predatory Approach,,,,,,,,,1,,,,,
Jasper National Park of Canada,Magpie,Physical or Aggressive Display,,,,,,,,,,,,1,,
Jasper National Park of Canada,Marten,Attack,,,,,,,,,,1,,,,
Jasper National Park of Canada,Marten,Contact-Property,,,,,,,,,1,,3,7,,
Jasper National Park of Canada,Marten,Physical or Aggressive Display,,1,,,,,,,,,2,,,
Jasper National Park of Canada,Marten,Predatory Approach,,,,,,,,,,,,1,,
Jasper National Park of Canada,Merlin,Contact-People,,,,,,,,,,1,,,,
Jasper National Park of Canada,Moose,Bluff Charge,,,,,1,,,4,1,5,1,1,,
Jasper National Park of Canada,Moose,Contact-People,,,,,,,,,,,1,,,
Jasper National Park of Canada,Moose,Contact-Property,,,,,,,,,,1,,,,1
Jasper National Park of Canada,Moose,Physical or Aggressive Display,1,,,,,,,2,,,1,1,1,
Jasper National Park of Canada,Mountain Goat,Bluff Charge,,,,,,,,,,,,,1,
Jasper National Park of Canada,Mule Deer,Bluff Charge,1,,,,,,,,,2,,1,,1
Jasper National Park of Canada,Mule Deer,Contact-Property,,,,,,,,,,,,,,2
Jasper National Park of Canada,Mule Deer,Escort (Follow-Flank),,,,,,,,,,,,1,,
Jasper National Park of Canada,Mule Deer,Physical or Aggressive Display,,1,1,,,,,,,,,,,
Jasper National Park of Canada,None,Contact-Property,,,,,,,,,,,,,,1
Jasper National Park of Canada,Northern Pygmy-Owl,Contact-Property,,,,,,,,,,,1,,,
Jasper National Park of Canada,Porcupine,Contact-Property,,,,,,,,,,,1,,,
Jasper National Park of Canada,Red Fox,Chase,,,,,,,,,3,,,,,
Jasper National Park of Canada,Red Fox,Contact-People,,,,,,,,,,1,1,,,
Jasper National Park of Canada,Red Fox,Contact-Property,,,,,,,,,,,4,2,2,1
Jasper National Park of Canada,Red Fox,Escort (Follow-Flank),,,,,,4,,,1,,,,,
Jasper National Park of Canada,Red Squirrel,Attack,,,,1,,,,,,,,,,
Jasper National Park of Canada,Red Squirrel,Contact-People,,,,,1,,,,,1,,1,,
Jasper National Park of Canada,Red-necked Grebe,Physical or Aggressive Display,,,,,,,,,1,,,,,
Jasper National Park of Canada,Rock Pigeon,Contact-Property,,,,,,,,,,,,3,,
Jasper National Park of Canada,Ruffed Grouse,Attack,,,,,,,,,,,1,,,
Jasper National Park of Canada,Sharp-shinned Hawk,Contact-People,,,,,,,,,,1,,,,
Jasper National Park of Canada,Skunk,Contact-Pet,,1,,,,,,,,,,,,
Jasper National Park of Canada,Unknown,Bluff Charge,,,,,,1,,,,,,,,
Jasper National Park of Canada,Unknown,Contact-Property,,,,,,,,,,1,,,,1
Jasper National Park of Canada,Unknown bat,Attack,,,,1,,,,,,,,,,
Jasper National Park of Canada,Unknown bat,Contact-People,,,,1,,,,,,,,,,
Jasper National Park of Canada,Unknown bear,Bluff Charge,1,,,,,,,,,1,,,,
Jasper National Park of Canada,Unknown bear,Contact-Property,,,1,,2,,,,,,1,,1,
Jasper National Park of Canada,Unknown bear,Escort (Follow-Flank),,,,,,,,,,,,,,1
Jasper National Park of Canada,Unknown Myotis bat,Attack,,,,,,,,,,,,1,,
Jasper National Park of Canada,Unknown Myotis bat,Contact-People,,,,,,,,,,1,,,,
Jasper National Park of Canada,Unknown raptor,Chase,,,,,,,,,,,,1,,
Jasper National Park of Canada,Unknown rodent,Attack,,,,,,,,,,1,,,,
Jasper National Park of Canada,Unknown rodent,Contact-People,,,,,,,,,,,,,,1
Jasper National Park of Canada,Wasp,Contact-People,,,,,,,,,,,,,,1
Jasper National Park of Canada,White-tailed Deer,Chase,,,,,,,,,,,,1,,
Jasper National Park of Canada,Wolf,Attack,,,,,,,,,1,,,,,
Jasper National Park of Canada,Wolf,Bluff Charge,,,,,1,,,,,,,,,
Jasper National Park of Canada,Wolf,Chase,,,1,,1,2,,,,,,,,
Jasper National Park of Canada,Wolf,Contact-Pet,,2,3,,,,,,,,,,,
Jasper National Park of Canada,Wolf,Contact-Property,,,1,,,,,,,,2,,,
Jasper National Park of Canada,Wolf,Escort (Follow-Flank),,,3,1,,,,,,,1,,,
Jasper National Park of Canada,Wolf,Physical or Aggressive Display,,,2,,,,,,,,,,,
Jasper National Park of Canada,Wolf,Predatory Approach,,,1,,,,,,,,,,,
Jasper National Park of Canada,Woodrat,Attack,,1,,,,,,,,,,,,
Jasper National Park of Canada,Woodrat,Contact-Property,,,,,,,,,,,,1,,1
Kejimkujik National Park and National Historic Site of Canada,Black Bear,Contact-Pet,,,,,,,,,,,1,,,
Kejimkujik National Park and National Historic Site of Canada,Black Bear,Contact-Property,,,1,,1,,1,,,,,,1,1
Kejimkujik National Park and National Historic Site of Canada,Black Bear,Escort (Follow-Flank),,,,,,,,,,1,,,,
Kejimkujik National Park and National Historic Site of Canada,Black Bear,Physical or Aggressive Display,,,,,,,,,,3,,,,
Kejimkujik National Park and National Historic Site of Canada,Coyote,Contact-Property,,,,,,1,,,,,,,,
Kejimkujik National Park and National Historic Site of Canada,Great Blue Heron,Physical or Aggressive Display,,,,,,,,,,1,,,,
Kejimkujik National Park and National Historic Site of Canada,Mink,Contact-Property,,,,,,1,,,,,,,,
Kejimkujik National Park and National Historic Site of Canada,Moose,Contact-Property,1,,,,,,,,,,,,,
Kejimkujik National Park and National Historic Site of Canada,Porcupine,Physical or Aggressive Display,,,,1,,,,,,,,,,
Kejimkujik National Park and National Historic Site of Canada,Raccoon,Contact-Property,2,2,,1,1,1,,,,1,,,,1
Kejimkujik National Park and National Historic Site of Canada,Ruffed Grouse,Attack,,,,,,,,1,,,,,,
Kluane National Park and Reserve of Canada,Black Bear,Contact-Property,,,,,,,,,,,1,,,1
Kluane National Park and Reserve of Canada,Black Bear,Physical or Aggressive Display,,,,,,,,,,,,,,1
Kluane National Park and Reserve of Canada,Black Bear,Predatory Approach,,,,,,,,,,,1,,,
Kluane National Park and Reserve of Canada,Grizzly Bear,Bluff Charge,1,,,,,,1,,3,,2,,,2
Kluane National Park and Reserve of Canada,Grizzly Bear,Contact-Pet,,,,,,,1,,,,,,,
Kluane National Park and Reserve of Canada,Grizzly Bear,Contact-Property,,,,,,,,2,1,1,,,,1
Kluane National Park and Reserve of Canada,Grizzly Bear,Escort (Follow-Flank),,,,,,,,,1,,1,,,1
Kluane National Park and Reserve of Canada,Grizzly Bear,Physical or Aggressive Display,,,,,,,,,,,,,,1
Kluane National Park and Reserve of Canada,Grizzly Bear,Predatory Approach,,,,,,,,,,,,1,,
Kluane National Park and Reserve of Canada,Moose,Contact-Property,,,,,,,,,,,,,,1
Kluane National Park and Reserve of Canada,Moose,Physical or Aggressive Display,,,,,,,,,,,,1,,
Kluane National Park and Reserve of Canada,Unknown bear,Contact-Property,,,,,,1,,,,,,,,2
Kluane National Park and Reserve of Canada,Wolf,Contact-Pet,,,,,,,,,,1,,,,
Kootenay National Park of Canada,Bighorn Sheep,Contact-Property,,,,,,,,1,,,1,,,
Kootenay National Park of Canada,Black Bear,Attack,,,,,,,,,,,,1,,
Kootenay National Park of Canada,Black Bear,Bluff Charge,,,,2,,,1,,,,,,,
Kootenay National Park of Canada,Black Bear,Contact-Property,,2,4,3,1,1,1,1,,1,,7,,
Kootenay National Park of Canada,Cougar,Physical or Aggressive Display,,,,,,,,,,,,,,1
Kootenay National Park of Canada,Domestic Dog,Chase,,,,,,,,,,,,1,,
Kootenay National Park of Canada,Grizzly Bear,Bluff Charge,,2,1,2,,,1,,,2,2,2,,
Kootenay National Park of Canada,Grizzly Bear,Chase,,,,,,,,1,1,,,,,
Kootenay National Park of Canada,Grizzly Bear,Contact-Property,,4,1,1,,,,,1,,,,1,
Kootenay National Park of Canada,Grizzly Bear,Escort (Follow-Flank),,1,,,,,,,,,,,,
Kootenay National Park of Canada,Grizzly Bear,Physical or Aggressive Display,2,3,,,,,,,,,1,,,
Kootenay National Park of Canada,Marten,Physical or Aggressive Display,,,,,,,,,,,,1,,
Kootenay National Park of Canada,Porcupine,Contact-Property,,,,,,2,,,,,,,,
Kootenay National Park of Canada,Unknown,Contact-Property,,,,,,,,,,,,,,1
Kootenay National Park of Canada,Unknown bear,Contact-Property,,1,,,1,,1,,,,3,2,,1
Kootenay National Park of Canada,Unknown deer,Bluff Charge,,,,,,,,,,,,1,,
Kootenay National Park of Canada,White-tailed Deer,Bluff Charge,,,1,,,,,,,,,,,
Kootenay National Park of Canada,White-tailed Deer,Physical or Aggressive Display,,,,1,,,,,,,,,,
Kootenay National Park of Canada,Wolf,Chase,,,,1,,,,,,,,,,
Kootenay National Park of Canada,Wolf,Physical or Aggressive Display,,,,1,,,,,,,,,,
Kouchibouguac National Park of Canada,Barred Owl,Physical or Aggressive Display,,,,,,,1,,,,,,,
Kouchibouguac National Park of Canada,Black Bear,Contact-Property,,,1,,,,,,1,,,,2,1
Kouchibouguac National Park of Canada,Black Bear,Physical or Aggressive Display,,,1,,,,,,,,,,,
Kouchibouguac National Park of Canada,Raccoon,Contact-Property,,1,,,1,,1,,,,,2,,
Kouchibouguac National Park of Canada,Red Squirrel,Contact-People,,,,,,,,,,1,,,,
Kouchibouguac National Park of Canada,Red Squirrel,Contact-Property,1,,,,,,,,,,,,,
Kouchibouguac National Park of Canada,Skunk,Physical or Aggressive Display,,,,,,,,,,,,1,,
Kouchibouguac National Park of Canada,Unknown,Contact-Property,,,,,,,,,,,,,,1
La Mauricie National Park of Canada,Black Bear,Bluff Charge,3,2,,,,,,,2,3,1,3,1,1
La Mauricie National Park of Canada,Black Bear,Contact-Property,5,2,3,4,4,2,,3,,,,,,
La Mauricie National Park of Canada,Black Bear,Escort (Follow-Flank),,1,,,,,1,,,,,,,
La Mauricie National Park of Canada,Black Bear,Physical or Aggressive Display,,,,,,1,,1,,,,,,
La Mauricie National Park of Canada,Domestic Cat,Contact-People,,,,,,1,,,,,,,,
La Mauricie National Park of Canada,Moose,Bluff Charge,,,1,,,,,,,,,,,
La Mauricie National Park of Canada,Moose,Contact-Property,,,,1,,,,,,,,,,
La Mauricie National Park of Canada,Moose,Escort (Follow-Flank),,,,,,,,,,,,1,,
La Mauricie National Park of Canada,Moose,Physical or Aggressive Display,,,,,,1,,,,,,,,
La Mauricie National Park of Canada,Porcupine,Contact-Property,,,,2,,,,,,,,,,
La Mauricie National Park of Canada,Raccoon,Contact-Property,,,,,1,,,,,,,,,
La Mauricie National Park of Canada,Red Fox,Escort (Follow-Flank),,,,,,,1,,,,,,,
La Mauricie National Park of Canada,Skunk,Contact-Property,,,,,,,,,,,,,,3
La Mauricie National Park of Canada,Unknown,Contact-Property,,,1,,1,,1,,,,,,,
L'Anse aux Meadows National Historic Site of Canada,Coyote,Predatory Approach,1,,,,,,,,,,,,,
Mingan Archipelago National Park Reserve of Canada,Black Bear,Contact-Property,,,,,,,1,,,,,,,
Mingan Archipelago National Park Reserve of Canada,Red Fox,Contact-People,,1,,,,,,,,,,,,
Mingan Archipelago National Park Reserve of Canada,Red Fox,Contact-Property,,1,,,,,,,,,,,,
Mount Revelstoke National Park of Canada,Black Bear,Bluff Charge,,,,,,,,,,,,2,1,1
Mount Revelstoke National Park of Canada,Black Bear,Chase,,,,,,,1,,,,,,,
Mount Revelstoke National Park of Canada,Black Bear,Contact-Property,,,,,,1,1,,,,2,1,5,1
Mount Revelstoke National Park of Canada,Black Bear,Escort (Follow-Flank),,1,,,,,3,,,,,,1,
Mount Revelstoke National Park of Canada,Black Bear,Physical or Aggressive Display,,,1,,1,,,,,1,,,3,
Mount Revelstoke National Park of Canada,Cougar,Predatory Approach,1,,,,,1,,,,,,,,
Mount Revelstoke National Park of Canada,Coyote,Contact-Pet,,,,,,,,,,,,1,,
Mount Revelstoke National Park of Canada,Coyote,Escort (Follow-Flank),,,,,,,,,,,1,,,
Mount Revelstoke National Park of Canada,Grizzly Bear,Bluff Charge,,,,,,,1,,,,,,,
Mount Revelstoke National Park of Canada,Grizzly Bear,Chase,,,,,,,,,1,1,1,,,
Mount Revelstoke National Park of Canada,Grizzly Bear,Escort (Follow-Flank),,,,,,,,,,,1,,,
Mount Revelstoke National Park of Canada,Grizzly Bear,Physical or Aggressive Display,,,,,,1,1,,1,,2,,,
Mount Revelstoke National Park of Canada,Unknown bear,Contact-Property,,,1,,,,,,,,1,,1,
Mount Revelstoke National Park of Canada,Wasp,Physical or Aggressive Display,,,,1,,,,,,,,,,
Nahanni National Park Reserve of Canada,Black Bear,Physical or Aggressive Display,,,,,,1,,,,,,,,
Nahanni National Park Reserve of Canada,Grizzly Bear,Contact-Property,,,,,,1,,,,,,,,
Nahanni National Park Reserve of Canada,Unknown bear,Bluff Charge,1,,,,,,,,,,,,,
Nahanni National Park Reserve of Canada,Unknown bear,Contact-Property,1,,,,,1,,,,,,,1,
Nahanni National Park Reserve of Canada,Unknown bear,Physical or Aggressive Display,,,,,,1,,,,,,,,
Pacific Rim National Park Reserve of Canada,Black Bear,Attack,,,1,,1,,,,,,,,,
Pacific Rim National Park Reserve of Canada,Black Bear,Bluff Charge,,4,,,1,,2,3,1,,,2,3,2
Pacific Rim National Park Reserve of Canada,Black Bear,Contact-People,,,,,,2,,,,1,,,,
Pacific Rim National Park Reserve of Canada,Black Bear,Contact-Property,10,5,5,3,,2,5,,5,2,,1,8,4
Pacific Rim National Park Reserve of Canada,Black Bear,Physical or Aggressive Display,,,,1,1,1,1,1,,,,1,2,2
Pacific Rim National Park Reserve of Canada,California Sea Lion,Contact-People,,,,,,,,,1,,,,,
Pacific Rim National Park Reserve of Canada,Cougar,Attack,,1,,,,,,,,,,,,
Pacific Rim National Park Reserve of Canada,Cougar,Contact-People,,1,,,,,,,,,,,,
Pacific Rim National Park Reserve of Canada,Cougar,Contact-Pet,,,,,,1,,,,,,,,
Pacific Rim National Park Reserve of Canada,Cougar,Contact-Property,2,1,,,,,,,,,,,,
Pacific Rim National Park Reserve of Canada,Cougar,Escort (Follow-Flank),,,,,,,,,,,,,1,
Pacific Rim National Park Reserve of Canada,Cougar,Physical or Aggressive Display,,,,,,,,,,,,1,,
Pacific Rim National Park Reserve of Canada,Cougar,Predatory Approach,,1,,,1,1,,,,,,,,
Pacific Rim National Park Reserve of Canada,Domestic Dog,Chase,,,,,,2,1,,,,,,,
Pacific Rim National Park Reserve of Canada,Domestic Dog,Physical or Aggressive Display,1,,,,,,2,,,,,,,
Pacific Rim National Park Reserve of Canada,Pacific White-sided Dolphin,Physical or Aggressive Display,,,,,,,,,,,,,1,
Pacific Rim National Park Reserve of Canada,Raccoon,Contact-Property,,,,,,,1,,,,,,,
Pacific Rim National Park Reserve of Canada,Red Squirrel,Attack,,,,,,,,,,,,1,,
Pacific Rim National Park Reserve of Canada,Unknown,Contact-Pet,,,,,,1,,,,,,,,
Pacific Rim National Park Reserve of Canada,Unknown,Contact-Property,,,,,,,1,,,,,,,
Pacific Rim National Park Reserve of Canada,Wolf,Bluff Charge,,,,,,,1,,,,,,,
Pacific Rim National Park Reserve of Canada,Wolf,Chase,,,,,,,,,1,,,,,
Pacific Rim National Park Reserve of Canada,Wolf,Contact-Pet,,6,2,1,4,2,2,5,1,1,2,,,
Pacific Rim National Park Reserve of Canada,Wolf,Contact-Property,,,,,1,,2,,,,,1,,
Pacific Rim National Park Reserve of Canada,Wolf,Escort (Follow-Flank),1,1,,,,,3,7,,,1,,,
Pacific Rim National Park Reserve of Canada,Wolf,Physical or Aggressive Display,1,,,,,1,,1,1,,,,,
Pacific Rim National Park Reserve of Canada,Wolf,Predatory Approach,,,,,,,3,,,,,1,,
Point Pelee National Park of Canada,Beaver,Contact-Property,,,,,,1,,,,,,,,
Point Pelee National Park of Canada,Domestic Dog,Chase,,,,,,,,,,,,,,1
Point Pelee National Park of Canada,Raccoon,Attack,,,,,,,,,,,,,2,1
Point Pelee National Park of Canada,Raccoon,Contact-Property,,,1,3,2,,,,,,,,,
Point Pelee National Park of Canada,Raccoon,Physical or Aggressive Display,,,,,,1,,,,,,,,
Prince Albert National Park of Canada,Barn Swallow,Physical or Aggressive Display,,,,,,,,,,,,,1,
Prince Albert National Park of Canada,Beaver,Contact-Property,2,,,,,,,,,,,,,
Prince Albert National Park of Canada,Black Bear,Attack,,,,,,,,,,1,,1,,
Prince Albert National Park of Canada,Black Bear,Bluff Charge,,,,1,,1,,,4,1,1,1,3,
Prince Albert National Park of Canada,Black Bear,Chase,,,,,,,,,1,1,3,,1,1
Prince Albert National Park of Canada,Black Bear,Contact-Property,21,11,7,3,2,3,1,8,10,12,3,13,19,5
Prince Albert National Park of Canada,Black Bear,Escort (Follow-Flank),,2,,,1,2,,,1,1,1,,,
Prince Albert National Park of Canada,Black Bear,Physical or Aggressive Display,,1,,,,,1,,2,,,1,,1
Prince Albert National Park of Canada,Canada Goose,Physical or Aggressive Display,,,,,,,,,1,,,,,
Prince Albert National Park of Canada,Cougar,Contact-Property,1,,,,,,,,,,,,,
Prince Albert National Park of Canada,Coyote,Chase,,,,1,,,,,,,,,,
Prince Albert National Park of Canada,Coyote,Contact-Property,,,,,,,,,,,,,,1
Prince Albert National Park of Canada,Coyote,Escort (Follow-Flank),,,,,,1,,,,,,,,
Prince Albert National Park of Canada,Coyote,Predatory Approach,,,,,,,,,,,2,,,
Prince Albert National Park of Canada,Domestic Dog,Chase,,,,,,,,1,,,,,,
Prince Albert National Park of Canada,Elk,Bluff Charge,,,,,1,1,,,1,,,3,1,1
Prince Albert National Park of Canada,Elk,Chase,,1,,,,,,,1,,1,2,1,
Prince Albert National Park of Canada,Elk,Contact-Pet,,,,,,,,,,,,,1,
Prince Albert National Park of Canada,Elk,Escort (Follow-Flank),,1,,,,,,,,,,,,1
Prince Albert National Park of Canada,Elk,Physical or Aggressive Display,2,,1,,2,3,,2,,2,,,,1
Prince Albert National Park of Canada,Marten,Attack,,,,,,,,,,,,1,,
Prince Albert National Park of Canada,Marten,Contact-People,,,,1,,,,,,,,,,
Prince Albert National Park of Canada,Marten,Contact-Property,,,,,,,,,,,1,,,
Prince Albert National Park of Canada,Marten,Physical or Aggressive Display,,,2,,,,,,,,,1,,
Prince Albert National Park of Canada,Red Fox,Attack,,,,,,,,,,,,,,1
Prince Albert National Park of Canada,Red Fox,Contact-Property,,,2,,,,,,,2,,,,
Prince Albert National Park of Canada,Red Fox,Escort (Follow-Flank),,,2,,,,,,,,,,,
Prince Albert National Park of Canada,Red Fox,Physical or Aggressive Display,,,2,,,,,,,,,,,1
Prince Albert National Park of Canada,Red Squirrel,Attack,,,,,,,,,,,,,,1
Prince Albert National Park of Canada,Red Squirrel,Contact-Property,,,,,,,,,2,,,,,
Prince Albert National Park of Canada,Spruce Grouse,Contact-Property,,,,,,,,,,,,1,,
Prince Albert National Park of Canada,Unknown,Contact-Property,,,,,,,,,1,,,,,
Prince Albert National Park of Canada,Wasp,Physical or Aggressive Display,,,,,,,,,,,,1,,
Prince Albert National Park of Canada,White-tailed Deer,Escort (Follow-Flank),,,,,,,1,,,,,,,
Prince Albert National Park of Canada,Wolf,Contact-Pet,,,1,,,,,,,,,,,
Prince Albert National Park of Canada,Wolf,Escort (Follow-Flank),,,,,3,,,,,,1,,,
Prince Edward Island National Park of Canada,Coyote,Escort (Follow-Flank),,,,,,,,,1,,,,,
Prince Edward Island National Park of Canada,Domestic Dog,Bluff Charge,,1,,,,,,,,,,,,
Prince Edward Island National Park of Canada,Herring Gull,Contact-People,,,,1,,,,,,,,,,
Prince Edward Island National Park of Canada,Little Brown Myotis,Contact-Property,,1,,,,,,,,,,,,
Prince Edward Island National Park of Canada,Mink,Contact-Property,,,,,,1,,,,,,,,
Prince Edward Island National Park of Canada,Raccoon,Contact-Property,,3,,,,,,1,,,,1,,1
Prince Edward Island National Park of Canada,Raccoon,Physical or Aggressive Display,,,,,,,,1,,,,,,
Prince Edward Island National Park of Canada,Red Squirrel,Attack,,,,,,,,,,,,,,1
Prince Edward Island National Park of Canada,Red Squirrel,Contact-Property,,1,,,,,,,,,,,,
Prince Edward Island National Park of Canada,Ruffed Grouse,Chase,,,,,,,,,1,,,,,
Prince Edward Island National Park of Canada,Wasp,Contact-People,1,,,1,,,1,,,,,,,
Prince of Wales Fort National Historic Site of Canada,Polar Bear,Contact-Property,,,,,,,,,1,1,,,,
Pukaskwa National Park of Canada,Black Bear,Attack,,1,,,,,,,,,,,,
Pukaskwa National Park of Canada,Black Bear,Contact-Property,1,1,1,,,4,2,,1,1,1,1,,
Pukaskwa National Park of Canada,Black Bear,Physical or Aggressive Display,,,,,1,,1,,,,,1,,
Quttinirpaaq National Park of Canada,Wolf,Contact-Property,,,,,,,,1,,,,,,
Riding Mountain National Park of Canada,Black Bear,Attack,,,,1,,,,,,1,1,1,,
Riding Mountain National Park of Canada,Black Bear,Bluff Charge,2,2,1,,,,,,2,1,1,1,,
Riding Mountain National Park of Canada,Black Bear,Contact-Property,10,2,1,2,4,6,1,2,4,8,4,5,12,21
Riding Mountain National Park of Canada,Black Bear,Escort (Follow-Flank),,,1,,,,,,,,,,,
Riding Mountain National Park of Canada,Black Bear,Physical or Aggressive Display,,1,,2,1,,1,,1,1,2,,1,
Riding Mountain National Park of Canada,Coyote,Chase,1,,,,,,,,,,1,,,
Riding Mountain National Park of Canada,Coyote,Escort (Follow-Flank),,,,,,,,,,,1,,,
Riding Mountain National Park of Canada,Coyote,Physical or Aggressive Display,2,,,,,,,,,,,,,
Riding Mountain National Park of Canada,Lynx,Escort (Follow-Flank),,,,,,,,,,,1,,,
Riding Mountain National Park of Canada,Plains Bison,Bluff Charge,,,3,,,,,,,,,,,
Riding Mountain National Park of Canada,Red Squirrel,Contact-Property,,,,,,,,,,,,1,,
Riding Mountain National Park of Canada,Unknown,Contact-Property,,,,,,,,,,,,,,1
Riding Mountain National Park of Canada,Unknown bear,Contact-Property,,,,,,,,,,,,,,1
Riding Mountain National Park of Canada,Wolf,Escort (Follow-Flank),,,,,1,,,,,,,,,
Riding Mountain National Park of Canada,Wolf,Physical or Aggressive Display,1,,,,,,,,,,,,,
Rouge National Urban Park,Black Bear,Contact-Property,,,,,,,,,,,1,,,
Sable Island National Park Reserve,Wild Horse,Contact-People,,,,,,,,,,,1,,,
Saguenay-St. Lawrence Marine Park,Beaver,Contact-People,,,,,,,1,,,,,,,
Saguenay-St. Lawrence Marine Park,Black Bear,Contact-Property,,,1,,,,,,,,,,,
Saguenay-St. Lawrence Marine Park,Humpback Whale,Physical or Aggressive Display,,,,,,,,,,1,,,,
Saoyú-?ehdacho National Historic Site of Canada,Black Bear,Contact-Property,,,,,,,,2,,,,,,
Sirmilik National Park of Canada,Arctic Fox,Attack,,,,,1,,,,,,,,,
Sirmilik National Park of Canada,Polar Bear,Contact-Property,,,,,1,,,,,,,,,
Terra Nova National Park of Canada,Black Bear,Contact-People,,1,,,,,,,,,,,,
Terra Nova National Park of Canada,Black Bear,Contact-Property,1,1,2,,,,,1,1,,,,,
Terra Nova National Park of Canada,Black Bear,Physical or Aggressive Display,,,,,1,,,,,,,,,
Terra Nova National Park of Canada,Coyote,Escort (Follow-Flank),,,,,,,,,,,,,,1
Terra Nova National Park of Canada,Moose,Contact-Property,1,,,,,,,,,,,,,
Terra Nova National Park of Canada,Red Squirrel,Contact-Property,,,,1,,,,,,,,,,
Terra Nova National Park of Canada,Unknown gull,Bluff Charge,,,1,,,,,,,,,,,
Terra Nova National Park of Canada,Unknown gull,Physical or Aggressive Display,,,1,,,,,,,,,,,
Thousand Islands National Park of Canada,Beaver,Contact-Property,,,,,,,1,,,,,,,
Thousand Islands National Park of Canada,Raccoon,Chase,,,,,,,,,,,,,1,
Thousand Islands National Park of Canada,Raccoon,Contact-Property,,,,7,,,1,1,2,,2,,2,3
Thousand Islands National Park of Canada,Raccoon,Physical or Aggressive Display,,,,1,,,,,,,,,,
Thousand Islands National Park of Canada,Unknown bear,Chase,,,,,,,1,,,,,,,
Thousand Islands National Park of Canada,Unknown snake,Attack,,,,,,,,,,1,,,,
Torngat Mountains National Park,Polar Bear,Attack,1,,,1,,,,,,,,,,
Trent-Severn Waterway National Historic Site of Canada,Black Bear,Contact-Property,,,,,,,,,,,,,1,
Ukkusiksalik National Park of Canada,Grizzly Bear,Contact-Property,,,,,,,1,,,,,,,
Ukkusiksalik National Park of Canada,Polar Bear,Contact-Property,,,,1,2,,,,,,,,,
Wapusk National Park of Canada,Polar Bear,Contact-Property,4,1,,,1,,1,,,,,,,
Wapusk National Park of Canada,Polar Bear,Physical or Aggressive Display,,,,,,,,,,,,,,1
Waterton Lakes National Park of Canada,Bighorn Sheep,Contact-People,,,,,,,,1,,,,,,
Waterton Lakes National Park of Canada,Bighorn Sheep,Contact-Property,2,,,,,1,,,,,,,,
Waterton Lakes National Park of Canada,Bighorn Sheep,Escort (Follow-Flank),,,,,,,,1,,,,,,
Waterton Lakes National Park of Canada,Bighorn Sheep,Physical or Aggressive Display,,,,1,,,,,,,,,,
Waterton Lakes National Park of Canada,Black Bear,Attack,,,,,,,3,,,,,,,
Waterton Lakes National Park of Canada,Black Bear,Bluff Charge,,3,2,2,5,,3,1,2,1,1,2,5,2
Waterton Lakes National Park of Canada,Black Bear,Chase,,,,,1,,,,,,,,,1
Waterton Lakes National Park of Canada,Black Bear,Contact-People,2,,,,,,,,,,,,,
Waterton Lakes National Park of Canada,Black Bear,Contact-Property,7,3,3,23,14,8,6,2,2,8,12,8,9,8
Waterton Lakes National Park of Canada,Black Bear,Escort (Follow-Flank),,2,3,,3,,2,,1,,1,,,
Waterton Lakes National Park of Canada,Black Bear,Physical or Aggressive Display,,5,2,2,1,1,1,2,2,2,,,1,
Waterton Lakes National Park of Canada,Blue Grouse,Contact-People,1,,,,,,,,,,,,,
Waterton Lakes National Park of Canada,Blue Grouse,Physical or Aggressive Display,,,,,,,,1,,,,,,
Waterton Lakes National Park of Canada,Columbian Ground Squirrel,Attack,,,,,,,,,,,,1,,
Waterton Lakes National Park of Canada,Columbian Ground Squirrel,Contact-Property,,1,,,,,,,1,,1,,,
Waterton Lakes National Park of Canada,Cougar,Attack,,,,,1,,,,,,,,,
Waterton Lakes National Park of Canada,Cougar,Contact-Property,,1,,,,,,,,,,,,
Waterton Lakes National Park of Canada,Cougar,Escort (Follow-Flank),1,,,,,,,,1,,1,,,
Waterton Lakes National Park of Canada,Cougar,Predatory Approach,,1,,,,,,,,,,,,
Waterton Lakes National Park of Canada,Domestic Dog,Chase,,,,,,,,,,,1,,,
Waterton Lakes National Park of Canada,Golden-mantled Ground Squirrel,Attack,,,1,,,,,,,,,,,
Waterton Lakes National Park of Canada,Grizzly Bear,Attack,,,,,,,,,,,1,,,
Waterton Lakes National Park of Canada,Grizzly Bear,Bluff Charge,7,2,,,,1,,1,,,,2,,1
Waterton Lakes National Park of Canada,Grizzly Bear,Escort (Follow-Flank),1,,,,,,,1,,,,,,
Waterton Lakes National Park of Canada,Grizzly Bear,Physical or Aggressive Display,1,,,,,,,,,,,,,1
Waterton Lakes National Park of Canada,Least Chipmunk,Contact-Property,,,,,,,,,,,,1,,
Waterton Lakes National Park of Canada,Magpie,Physical or Aggressive Display,,,,,,1,,,,,,,,
Waterton Lakes National Park of Canada,Marten,Physical or Aggressive Display,,,,,,,,,,,,,,1
Waterton Lakes National Park of Canada,Moose,Bluff Charge,,1,,,,,,,,,,,,
Waterton Lakes National Park of Canada,Mule Deer,Attack,1,,,,,,,,,,,,,
Waterton Lakes National Park of Canada,Mule Deer,Bluff Charge,20,4,6,,,2,1,4,2,3,3,,1,1
Waterton Lakes National Park of Canada,Mule Deer,Chase,,,,,,1,,3,3,5,4,6,1,2
Waterton Lakes National Park of Canada,Mule Deer,Contact-Pet,5,1,,,,,,2,,,,1,,
Waterton Lakes National Park of Canada,Mule Deer,Contact-Property,2,1,,,,,,,,,,1,,
Waterton Lakes National Park of Canada,Mule Deer,Escort (Follow-Flank),1,,,,,1,2,1,,2,1,,,
Waterton Lakes National Park of Canada,Mule Deer,Physical or Aggressive Display,24,12,3,4,5,1,8,7,,3,6,21,10,7
Waterton Lakes National Park of Canada,Plains Bison,Bluff Charge,,,,,,1,,,,,,,,
Waterton Lakes National Park of Canada,Red Squirrel,Attack,,,,,,,,1,,,,,,
Waterton Lakes National Park of Canada,Skunk,Contact-Property,,,,,,,,1,,,,,,
Waterton Lakes National Park of Canada,Unknown,Contact-Property,,,,,,,,,,1,,,,
Waterton Lakes National Park of Canada,Unknown bear,Bluff Charge,,1,,,,,,,1,,,,1,
Waterton Lakes National Park of Canada,Unknown bear,Chase,,,,,,,,1,,,,,,
Waterton Lakes National Park of Canada,Unknown bear,Contact-Property,,,2,,2,,3,1,,,,,,
Waterton Lakes National Park of Canada,Unknown deer,Contact-Pet,,,,,,,,1,,,,,,
Waterton Lakes National Park of Canada,Unknown deer,Physical or Aggressive Display,,,,,,,,3,,,,,,
Waterton Lakes National Park of Canada,White-tailed Deer,Chase,,,,,,,,,,4,,,,
Waterton Lakes National Park of Canada,White-tailed Deer,Escort (Follow-Flank),,,,,,,,1,,,,,,
Waterton Lakes National Park of Canada,Wolf,Bluff Charge,,,,,,,,,,,,,1,
Wood Buffalo National Park of Canada,Black Bear,Bluff Charge,1,,1,1,1,,1,,1,2,,,,1
Wood Buffalo National Park of Canada,Black Bear,Contact-Pet,,,,,,,,,,,,1,,
Wood Buffalo National Park of Canada,Black Bear,Contact-Property,4,3,2,1,1,4,2,,1,4,2,3,,4
Wood Buffalo National Park of Canada,Black Bear,Escort (Follow-Flank),,,2,,,,1,,,,,,,
Wood Buffalo National Park of Canada,Black Bear,Physical or Aggressive Display,,1,,,,,1,,1,,,,,
Wood Buffalo National Park of Canada,Black Bear,Predatory Approach,,,,,,,,1,,,1,,,
Wood Buffalo National Park of Canada,Wood Bison,Bluff Charge,,1,,,1,,,,,,,,,
Wood Buffalo National Park of Canada,Wood Bison,Contact-Pet,,,1,,,,,,,,,,,
Wood Buffalo National Park of Canada,Wood Bison,Contact-Property,,,2,,,,,,,,,,,
Wood Buffalo National Park of Canada,Wood Bison,Physical or Aggressive Display,,,,,,,,,1,,,,,3
Yoho National Park of Canada,Beaver,Contact-Property,,1,,,,,,,,,,,,
Yoho National Park of Canada,Black Bear,Bluff Charge,1,4,1,,,1,,,,,,,,
Yoho National Park of Canada,Black Bear,Chase,,2,,,,,,,,,,,1,
Yoho National Park of Canada,Black Bear,Contact-Property,2,4,1,,,3,,,,,,4,2,
Yoho National Park of Canada,Black Bear,Escort (Follow-Flank),,,,,,,,,,,1,,,
Yoho National Park of Canada,Black Bear,Physical or Aggressive Display,,,,,1,,,,,,,3,2,
Yoho National Park of Canada,Cougar,Escort (Follow-Flank),,1,,,,,,,,,,,,
Yoho National Park of Canada,Coyote,Escort (Follow-Flank),,,,,,,,,,,1,1,,
Yoho National Park of Canada,Elk,Bluff Charge,,,1,,,,,,,,,,,
Yoho National Park of Canada,Grizzly Bear,Bluff Charge,,3,1,,3,,2,,,2,,,,
Yoho National Park of Canada,Grizzly Bear,Chase,,3,,,,,,,,,,,,
Yoho National Park of Canada,Grizzly Bear,Contact-Property,,,,,,,,,,,1,1,1,
Yoho National Park of Canada,Grizzly Bear,Escort (Follow-Flank),,1,,,,1,,,,,,,,
Yoho National Park of Canada,Grizzly Bear,Physical or Aggressive Display,1,1,1,,1,1,,1,,,,,,
Yoho National Park of Canada,Hoary Marmot,Contact-Property,,,,,,1,,,,,,,,
Yoho National Park of Canada,Moose,Physical or Aggressive Display,,,,,,,,1,,,,,,
Yoho National Park of Canada,Mule Deer,Bluff Charge,,,,,,1,,,,,,,,
Yoho National Park of Canada,Porcupine,Contact-Property,,,1,,,,,,,,,,,
Yoho National Park of Canada,Unknown bat,Attack,,,,,,,,,,,1,,,
Yoho National Park of Canada,Unknown bear,Bluff Charge,,,,1,1,,,,,,,,,
Yoho National Park of Canada,Wolf,Physical or Aggressive Display,,,1,,,1,,,,,,,,
Yoho National Park of Canada,Wolverine,Physical or Aggressive Display,,,,1,,,,,,,,,,
Yoho National Park of Canada,Woodrat,Contact-Property,,,1,,,,,,,,,,,
